kernel,shape_id,shape_label,split,repeat,arm,generation,config_hash,config,status,perf_ms,compile_time_s,seeded_by_heuristic
matmul,MM_001,256x256x256,train,0,heuristics,0,0d6db94cf52e02cf,"{""atomic_indexing"": [], ""block_sizes"": [16, 32, 128], ""indexing"": [""pointer"", ""pointer"", ""pointer""], ""l2_groupings"": [8], ""load_eviction_policies"": ["""", """"], ""loop_orders"": [[0, 1]], ""num_stages"": 5, ""num_warps"": 2, ""pid_type"": ""flat"", ""range_flattens"": [null, null], ""range_multi_buffers"": [null, null], ""range_num_stages"": [0, 0], ""range_unroll_factors"": [0, 0], ""range_warp_specializes"": [null, null]}",ok,0.0071680000983178616,,1
matmul,MM_001,256x256x256,train,1,heuristics,0,0d6db94cf52e02cf,"{""atomic_indexing"": [], ""block_sizes"": [16, 32, 128], ""indexing"": [""pointer"", ""pointer"", ""pointer""], ""l2_groupings"": [8], ""load_eviction_policies"": ["""", """"], ""loop_orders"": [[0, 1]], ""num_stages"": 5, ""num_warps"": 2, ""pid_type"": ""flat"", ""range_flattens"": [null, null], ""range_multi_buffers"": [null, null], ""range_num_stages"": [0, 0], ""range_unroll_factors"": [0, 0], ""range_warp_specializes"": [null, null]}",ok,0.007199999876320362,,1
matmul,MM_001,256x256x256,train,2,heuristics,0,0d6db94cf52e02cf,"{""atomic_indexing"": [], ""block_sizes"": [16, 32, 128], ""indexing"": [""pointer"", ""pointer"", ""pointer""], ""l2_groupings"": [8], ""load_eviction_policies"": ["""", """"], ""loop_orders"": [[0, 1]], ""num_stages"": 5, ""num_warps"": 2, ""pid_type"": ""flat"", ""range_flattens"": [null, null], ""range_multi_buffers"": [null, null], ""range_num_stages"": [0, 0], ""range_unroll_factors"": [0, 0], ""range_warp_specializes"": [null, null]}",ok,0.0071680000983178616,,1
matmul,MM_002,512x512x512,train,0,heuristics,0,72277879f4a29fc9,"{""atomic_indexing"": [], ""block_sizes"": [32, 64, 64], ""indexing"": [""pointer"", ""pointer"", ""pointer""], ""l2_groupings"": [2], ""load_eviction_policies"": ["""", """"], ""loop_orders"": [[0, 1]], ""num_stages"": 4, ""num_warps"": 4, ""pid_type"": ""flat"", ""range_flattens"": [null, null], ""range_multi_buffers"": [null, null], ""range_num_stages"": [0, 0], ""range_unroll_factors"": [0, 0], ""range_warp_specializes"": [null, null]}",ok,0.009247999638319016,,1
matmul,MM_002,512x512x512,train,1,heuristics,0,72277879f4a29fc9,"{""atomic_indexing"": [], ""block_sizes"": [32, 64, 64], ""indexing"": [""pointer"", ""pointer"", ""pointer""], ""l2_groupings"": [2], ""load_eviction_policies"": ["""", """"], ""loop_orders"": [[0, 1]], ""num_stages"": 4, ""num_warps"": 4, ""pid_type"": ""flat"", ""range_flattens"": [null, null], ""range_multi_buffers"": [null, null], ""range_num_stages"": [0, 0], ""range_unroll_factors"": [0, 0], ""range_warp_specializes"": [null, null]}",ok,0.009247999638319016,,1
matmul,MM_002,512x512x512,train,2,heuristics,0,72277879f4a29fc9,"{""atomic_indexing"": [], ""block_sizes"": [32, 64, 64], ""indexing"": [""pointer"", ""pointer"", ""pointer""], ""l2_groupings"": [2], ""load_eviction_policies"": ["""", """"], ""loop_orders"": [[0, 1]], ""num_stages"": 4, ""num_warps"": 4, ""pid_type"": ""flat"", ""range_flattens"": [null, null], ""range_multi_buffers"": [null, null], ""range_num_stages"": [0, 0], ""range_unroll_factors"": [0, 0], ""range_warp_specializes"": [null, null]}",ok,0.009247999638319016,,1
matmul,MM_003,1024x1024x1024,train,0,heuristics,0,859d21871a6e94e8,"{""atomic_indexing"": [], ""block_sizes"": [128, 64, 128], ""indexing"": [""pointer"", ""pointer"", ""pointer""], ""l2_groupings"": [64], ""load_eviction_policies"": ["""", """"], ""loop_orders"": [[0, 1]], ""num_stages"": 6, ""num_warps"": 4, ""pid_type"": ""flat"", ""range_flattens"": [null, null], ""range_multi_buffers"": [null, null], ""range_num_stages"": [0, 0], ""range_unroll_factors"": [0, 0], ""range_warp_specializes"": [null, null]}",error,inf,,1
matmul,MM_003,1024x1024x1024,train,1,heuristics,0,859d21871a6e94e8,"{""atomic_indexing"": [], ""block_sizes"": [128, 64, 128], ""indexing"": [""pointer"", ""pointer"", ""pointer""], ""l2_groupings"": [64], ""load_eviction_policies"": ["""", """"], ""loop_orders"": [[0, 1]], ""num_stages"": 6, ""num_warps"": 4, ""pid_type"": ""flat"", ""range_flattens"": [null, null], ""range_multi_buffers"": [null, null], ""range_num_stages"": [0, 0], ""range_unroll_factors"": [0, 0], ""range_warp_specializes"": [null, null]}",error,inf,,1
matmul,MM_003,1024x1024x1024,train,2,heuristics,0,859d21871a6e94e8,"{""atomic_indexing"": [], ""block_sizes"": [128, 64, 128], ""indexing"": [""pointer"", ""pointer"", ""pointer""], ""l2_groupings"": [64], ""load_eviction_policies"": ["""", """"], ""loop_orders"": [[0, 1]], ""num_stages"": 6, ""num_warps"": 4, ""pid_type"": ""flat"", ""range_flattens"": [null, null], ""range_multi_buffers"": [null, null], ""range_num_stages"": [0, 0], ""range_unroll_factors"": [0, 0], ""range_warp_specializes"": [null, null]}",error,inf,,1
matmul,MM_004,1536x1536x1536,train,0,heuristics,0,0ca383537173a6a4,"{""atomic_indexing"": [], ""block_sizes"": [128, 128, 64], ""indexing"": [""pointer"", ""tensor_descriptor"", ""pointer""], ""l2_groupings"": [64], ""load_eviction_policies"": [""first"", """"], ""loop_orders"": [[0, 1]], ""num_stages"": 6, ""num_warps"": 4, ""pid_type"": ""flat"", ""range_flattens"": [null, true], ""range_multi_buffers"": [null, null], ""range_num_stages"": [0, 4], ""range_unroll_factors"": [0, 1], ""range_warp_specializes"": [null, false]}",ok,0.01744000054895878,,1
matmul,MM_004,1536x1536x1536,train,1,heuristics,0,0ca383537173a6a4,"{""atomic_indexing"": [], ""block_sizes"": [128, 128, 64], ""indexing"": [""pointer"", ""tensor_descriptor"", ""pointer""], ""l2_groupings"": [64], ""load_eviction_policies"": [""first"", """"], ""loop_orders"": [[0, 1]], ""num_stages"": 6, ""num_warps"": 4, ""pid_type"": ""flat"", ""range_flattens"": [null, true], ""range_multi_buffers"": [null, null], ""range_num_stages"": [0, 4], ""range_unroll_factors"": [0, 1], ""range_warp_specializes"": [null, false]}",ok,0.01744000054895878,,1
matmul,MM_004,1536x1536x1536,train,2,heuristics,0,0ca383537173a6a4,"{""atomic_indexing"": [], ""block_sizes"": [128, 128, 64], ""indexing"": [""pointer"", ""tensor_descriptor"", ""pointer""], ""l2_groupings"": [64], ""load_eviction_policies"": [""first"", """"], ""loop_orders"": [[0, 1]], ""num_stages"": 6, ""num_warps"": 4, ""pid_type"": ""flat"", ""range_flattens"": [null, true], ""range_multi_buffers"": [null, null], ""range_num_stages"": [0, 4], ""range_unroll_factors"": [0, 1], ""range_warp_specializes"": [null, false]}",ok,0.01744000054895878,,1
matmul,MM_005,2048x2048x2048,train,0,heuristics,0,08d70c095890a348,"{""atomic_indexing"": [], ""block_sizes"": [128, 256, 64], ""epilogue_subtile"": 2, ""indexing"": [""tensor_descriptor"", ""tensor_descriptor"", ""tensor_descriptor""], ""l2_groupings"": [2], ""load_eviction_policies"": [""last"", """"], ""loop_orders"": [[0, 1]], ""num_stages"": 4, ""num_warps"": 4, ""pid_type"": ""flat"", ""range_flattens"": [null, true], ""range_multi_buffers"": [null, false], ""range_num_stages"": [0, 4], ""range_unroll_factors"": [0, 3], ""range_warp_specializes"": [null, false]}",ok,0.025631999596953392,,1
matmul,MM_005,2048x2048x2048,train,1,heuristics,0,08d70c095890a348,"{""atomic_indexing"": [], ""block_sizes"": [128, 256, 64], ""epilogue_subtile"": 2, ""indexing"": [""tensor_descriptor"", ""tensor_descriptor"", ""tensor_descriptor""], ""l2_groupings"": [2], ""load_eviction_policies"": [""last"", """"], ""loop_orders"": [[0, 1]], ""num_stages"": 4, ""num_warps"": 4, ""pid_type"": ""flat"", ""range_flattens"": [null, true], ""range_multi_buffers"": [null, false], ""range_num_stages"": [0, 4], ""range_unroll_factors"": [0, 3], ""range_warp_specializes"": [null, false]}",ok,0.025631999596953392,,1
matmul,MM_005,2048x2048x2048,train,2,heuristics,0,08d70c095890a348,"{""atomic_indexing"": [], ""block_sizes"": [128, 256, 64], ""epilogue_subtile"": 2, ""indexing"": [""tensor_descriptor"", ""tensor_descriptor"", ""tensor_descriptor""], ""l2_groupings"": [2], ""load_eviction_policies"": [""last"", """"], ""loop_orders"": [[0, 1]], ""num_stages"": 4, ""num_warps"": 4, ""pid_type"": ""flat"", ""range_flattens"": [null, true], ""range_multi_buffers"": [null, false], ""range_num_stages"": [0, 4], ""range_unroll_factors"": [0, 3], ""range_warp_specializes"": [null, false]}",ok,0.025631999596953392,,1
matmul,MM_006,3072x3072x3072,train,0,heuristics,0,ff35dc413cb9d6b3,"{""atomic_indexing"": [], ""block_sizes"": [128, 256, 64], ""indexing"": [""pointer"", ""pointer"", ""pointer""], ""l2_groupings"": [4], ""load_eviction_policies"": ["""", """"], ""loop_orders"": [[0, 1]], ""num_stages"": 4, ""num_warps"": 4, ""pid_type"": ""flat"", ""range_flattens"": [null, null], ""range_multi_buffers"": [null, null], ""range_num_stages"": [0, 0], ""range_unroll_factors"": [0, 0], ""range_warp_specializes"": [null, null]}",ok,0.05225599929690361,,1
matmul,MM_006,3072x3072x3072,train,1,heuristics,0,ff35dc413cb9d6b3,"{""atomic_indexing"": [], ""block_sizes"": [128, 256, 64], ""indexing"": [""pointer"", ""pointer"", ""pointer""], ""l2_groupings"": [4], ""load_eviction_policies"": ["""", """"], ""loop_orders"": [[0, 1]], ""num_stages"": 4, ""num_warps"": 4, ""pid_type"": ""flat"", ""range_flattens"": [null, null], ""range_multi_buffers"": [null, null], ""range_num_stages"": [0, 0], ""range_unroll_factors"": [0, 0], ""range_warp_specializes"": [null, null]}",ok,0.05225599929690361,,1
matmul,MM_006,3072x3072x3072,train,2,heuristics,0,ff35dc413cb9d6b3,"{""atomic_indexing"": [], ""block_sizes"": [128, 256, 64], ""indexing"": [""pointer"", ""pointer"", ""pointer""], ""l2_groupings"": [4], ""load_eviction_policies"": ["""", """"], ""loop_orders"": [[0, 1]], ""num_stages"": 4, ""num_warps"": 4, ""pid_type"": ""flat"", ""range_flattens"": [null, null], ""range_multi_buffers"": [null, null], ""range_num_stages"": [0, 0], ""range_unroll_factors"": [0, 0], ""range_warp_specializes"": [null, null]}",ok,0.05225599929690361,,1
matmul,MM_007,3840x3840x3840,train,0,heuristics,0,ff35dc413cb9d6b3,"{""atomic_indexing"": [], ""block_sizes"": [128, 256, 64], ""indexing"": [""pointer"", ""pointer"", ""pointer""], ""l2_groupings"": [4], ""load_eviction_policies"": ["""", """"], ""loop_orders"": [[0, 1]], ""num_stages"": 4, ""num_warps"": 4, ""pid_type"": ""flat"", ""range_flattens"": [null, null], ""range_multi_buffers"": [null, null], ""range_num_stages"": [0, 0], ""range_unroll_factors"": [0, 0], ""range_warp_specializes"": [null, null]}",ok,0.11161600053310394,,1
matmul,MM_007,3840x3840x3840,train,1,heuristics,0,ff35dc413cb9d6b3,"{""atomic_indexing"": [], ""block_sizes"": [128, 256, 64], ""indexing"": [""pointer"", ""pointer"", ""pointer""], ""l2_groupings"": [4], ""load_eviction_policies"": ["""", """"], ""loop_orders"": [[0, 1]], ""num_stages"": 4, ""num_warps"": 4, ""pid_type"": ""flat"", ""range_flattens"": [null, null], ""range_multi_buffers"": [null, null], ""range_num_stages"": [0, 0], ""range_unroll_factors"": [0, 0], ""range_warp_specializes"": [null, null]}",ok,0.11161600053310394,,1
matmul,MM_007,3840x3840x3840,train,2,heuristics,0,ff35dc413cb9d6b3,"{""atomic_indexing"": [], ""block_sizes"": [128, 256, 64], ""indexing"": [""pointer"", ""pointer"", ""pointer""], ""l2_groupings"": [4], ""load_eviction_policies"": ["""", """"], ""loop_orders"": [[0, 1]], ""num_stages"": 4, ""num_warps"": 4, ""pid_type"": ""flat"", ""range_flattens"": [null, null], ""range_multi_buffers"": [null, null], ""range_num_stages"": [0, 0], ""range_unroll_factors"": [0, 0], ""range_warp_specializes"": [null, null]}",ok,0.11161600053310394,,1
matmul,MM_008,4096x4096x4096,heldout,0,heuristics,0,ff35dc413cb9d6b3,"{""atomic_indexing"": [], ""block_sizes"": [128, 256, 64], ""indexing"": [""pointer"", ""pointer"", ""pointer""], ""l2_groupings"": [4], ""load_eviction_policies"": ["""", """"], ""loop_orders"": [[0, 1]], ""num_stages"": 4, ""num_warps"": 4, ""pid_type"": ""flat"", ""range_flattens"": [null, null], ""range_multi_buffers"": [null, null], ""range_num_stages"": [0, 0], ""range_unroll_factors"": [0, 0], ""range_warp_specializes"": [null, null]}",ok,0.11779200285673141,,1
matmul,MM_008,4096x4096x4096,heldout,1,heuristics,0,ff35dc413cb9d6b3,"{""atomic_indexing"": [], ""block_sizes"": [128, 256, 64], ""indexing"": [""pointer"", ""pointer"", ""pointer""], ""l2_groupings"": [4], ""load_eviction_policies"": ["""", """"], ""loop_orders"": [[0, 1]], ""num_stages"": 4, ""num_warps"": 4, ""pid_type"": ""flat"", ""range_flattens"": [null, null], ""range_multi_buffers"": [null, null], ""range_num_stages"": [0, 0], ""range_unroll_factors"": [0, 0], ""range_warp_specializes"": [null, null]}",ok,0.1218239963054657,,1
matmul,MM_008,4096x4096x4096,heldout,2,heuristics,0,ff35dc413cb9d6b3,"{""atomic_indexing"": [], ""block_sizes"": [128, 256, 64], ""indexing"": [""pointer"", ""pointer"", ""pointer""], ""l2_groupings"": [4], ""load_eviction_policies"": ["""", """"], ""loop_orders"": [[0, 1]], ""num_stages"": 4, ""num_warps"": 4, ""pid_type"": ""flat"", ""range_flattens"": [null, null], ""range_multi_buffers"": [null, null], ""range_num_stages"": [0, 0], ""range_unroll_factors"": [0, 0], ""range_warp_specializes"": [null, null]}",ok,0.1239359974861145,,1
matmul,MM_009,2048x1024x2048,heldout,0,heuristics,0,4cc88bcb80a4e93a,"{""atomic_indexing"": [], ""block_sizes"": [128, 256, 32], ""indexing"": [""pointer"", ""pointer"", ""pointer""], ""l2_groupings"": [8], ""load_eviction_policies"": ["""", """"], ""loop_orders"": [[0, 1]], ""num_stages"": 4, ""num_warps"": 8, ""pid_type"": ""flat"", ""range_flattens"": [null, null], ""range_multi_buffers"": [null, null], ""range_num_stages"": [0, 0], ""range_unroll_factors"": [0, 0], ""range_warp_specializes"": [null, null]}",ok,0.019487999379634857,,1
matmul,MM_009,2048x1024x2048,heldout,1,heuristics,0,4cc88bcb80a4e93a,"{""atomic_indexing"": [], ""block_sizes"": [128, 256, 32], ""indexing"": [""pointer"", ""pointer"", ""pointer""], ""l2_groupings"": [8], ""load_eviction_policies"": ["""", """"], ""loop_orders"": [[0, 1]], ""num_stages"": 4, ""num_warps"": 8, ""pid_type"": ""flat"", ""range_flattens"": [null, null], ""range_multi_buffers"": [null, null], ""range_num_stages"": [0, 0], ""range_unroll_factors"": [0, 0], ""range_warp_specializes"": [null, null]}",ok,0.019487999379634857,,1
matmul,MM_009,2048x1024x2048,heldout,2,heuristics,0,4cc88bcb80a4e93a,"{""atomic_indexing"": [], ""block_sizes"": [128, 256, 32], ""indexing"": [""pointer"", ""pointer"", ""pointer""], ""l2_groupings"": [8], ""load_eviction_policies"": ["""", """"], ""loop_orders"": [[0, 1]], ""num_stages"": 4, ""num_warps"": 8, ""pid_type"": ""flat"", ""range_flattens"": [null, null], ""range_multi_buffers"": [null, null], ""range_num_stages"": [0, 0], ""range_unroll_factors"": [0, 0], ""range_warp_specializes"": [null, null]}",ok,0.019487999379634857,,1
matmul,MM_010,1024x2048x4096,heldout,0,heuristics,0,61e92bd6b24c170e,"{""atomic_indexing"": [], ""block_sizes"": [256, 256, 32], ""indexing"": [""pointer"", ""pointer"", ""pointer""], ""l2_groupings"": [16], ""load_eviction_policies"": ["""", """"], ""loop_orders"": [[0, 1]], ""num_stages"": 4, ""num_warps"": 8, ""pid_type"": ""flat"", ""range_flattens"": [null, null], ""range_multi_buffers"": [null, null], ""range_num_stages"": [0, 0], ""range_unroll_factors"": [0, 0], ""range_warp_specializes"": [null, null]}",ok,0.033824000507593155,,1
matmul,MM_010,1024x2048x4096,heldout,1,heuristics,0,61e92bd6b24c170e,"{""atomic_indexing"": [], ""block_sizes"": [256, 256, 32], ""indexing"": [""pointer"", ""pointer"", ""pointer""], ""l2_groupings"": [16], ""load_eviction_policies"": ["""", """"], ""loop_orders"": [[0, 1]], ""num_stages"": 4, ""num_warps"": 8, ""pid_type"": ""flat"", ""range_flattens"": [null, null], ""range_multi_buffers"": [null, null], ""range_num_stages"": [0, 0], ""range_unroll_factors"": [0, 0], ""range_warp_specializes"": [null, null]}",ok,0.033824000507593155,,1
matmul,MM_010,1024x2048x4096,heldout,2,heuristics,0,61e92bd6b24c170e,"{""atomic_indexing"": [], ""block_sizes"": [256, 256, 32], ""indexing"": [""pointer"", ""pointer"", ""pointer""], ""l2_groupings"": [16], ""load_eviction_policies"": ["""", """"], ""loop_orders"": [[0, 1]], ""num_stages"": 4, ""num_warps"": 8, ""pid_type"": ""flat"", ""range_flattens"": [null, null], ""range_multi_buffers"": [null, null], ""range_num_stages"": [0, 0], ""range_unroll_factors"": [0, 0], ""range_warp_specializes"": [null, null]}",ok,0.033824000507593155,,1
matmul,MM_011,128x2048x2048,heldout,0,heuristics,0,09ae4f6df93b6fba,"{""atomic_indexing"": [], ""block_sizes"": [128, 256, 32], ""indexing"": [""pointer"", ""pointer"", ""pointer""], ""l2_groupings"": [8], ""load_eviction_policies"": ["""", """"], ""loop_orders"": [[0, 1]], ""num_stages"": 5, ""num_warps"": 4, ""pid_type"": ""flat"", ""range_flattens"": [null, null], ""range_multi_buffers"": [null, null], ""range_num_stages"": [0, 0], ""range_unroll_factors"": [0, 0], ""range_warp_specializes"": [null, null]}",ok,0.025631999596953392,,1
matmul,MM_011,128x2048x2048,heldout,1,heuristics,0,09ae4f6df93b6fba,"{""atomic_indexing"": [], ""block_sizes"": [128, 256, 32], ""indexing"": [""pointer"", ""pointer"", ""pointer""], ""l2_groupings"": [8], ""load_eviction_policies"": ["""", """"], ""loop_orders"": [[0, 1]], ""num_stages"": 5, ""num_warps"": 4, ""pid_type"": ""flat"", ""range_flattens"": [null, null], ""range_multi_buffers"": [null, null], ""range_num_stages"": [0, 0], ""range_unroll_factors"": [0, 0], ""range_warp_specializes"": [null, null]}",ok,0.025631999596953392,,1
matmul,MM_011,128x2048x2048,heldout,2,heuristics,0,09ae4f6df93b6fba,"{""atomic_indexing"": [], ""block_sizes"": [128, 256, 32], ""indexing"": [""pointer"", ""pointer"", ""pointer""], ""l2_groupings"": [8], ""load_eviction_policies"": ["""", """"], ""loop_orders"": [[0, 1]], ""num_stages"": 5, ""num_warps"": 4, ""pid_type"": ""flat"", ""range_flattens"": [null, null], ""range_multi_buffers"": [null, null], ""range_num_stages"": [0, 0], ""range_unroll_factors"": [0, 0], ""range_warp_specializes"": [null, null]}",ok,0.025631999596953392,,1
matmul,MM_012,4096x4096x128,heldout,0,heuristics,0,16f06fc5c50d6b2b,"{""atomic_indexing"": [], ""block_sizes"": [64, 32, 128], ""indexing"": [""pointer"", ""pointer"", ""pointer""], ""l2_groupings"": [4], ""load_eviction_policies"": ["""", """"], ""loop_orders"": [[0, 1]], ""num_stages"": 5, ""num_warps"": 4, ""pid_type"": ""flat"", ""range_flattens"": [null, null], ""range_multi_buffers"": [null, null], ""range_num_stages"": [0, 0], ""range_unroll_factors"": [0, 0], ""range_warp_specializes"": [null, null]}",ok,0.0297279991209507,,1
matmul,MM_012,4096x4096x128,heldout,1,heuristics,0,16f06fc5c50d6b2b,"{""atomic_indexing"": [], ""block_sizes"": [64, 32, 128], ""indexing"": [""pointer"", ""pointer"", ""pointer""], ""l2_groupings"": [4], ""load_eviction_policies"": ["""", """"], ""loop_orders"": [[0, 1]], ""num_stages"": 5, ""num_warps"": 4, ""pid_type"": ""flat"", ""range_flattens"": [null, null], ""range_multi_buffers"": [null, null], ""range_num_stages"": [0, 0], ""range_unroll_factors"": [0, 0], ""range_warp_specializes"": [null, null]}",ok,0.0297279991209507,,1
matmul,MM_012,4096x4096x128,heldout,2,heuristics,0,16f06fc5c50d6b2b,"{""atomic_indexing"": [], ""block_sizes"": [64, 32, 128], ""indexing"": [""pointer"", ""pointer"", ""pointer""], ""l2_groupings"": [4], ""load_eviction_policies"": ["""", """"], ""loop_orders"": [[0, 1]], ""num_stages"": 5, ""num_warps"": 4, ""pid_type"": ""flat"", ""range_flattens"": [null, null], ""range_multi_buffers"": [null, null], ""range_num_stages"": [0, 0], ""range_unroll_factors"": [0, 0], ""range_warp_specializes"": [null, null]}",ok,0.0297279991209507,,1
